date,dsa_count,news_count,sentiment_mean,sentiment_min,sentiment_max,sentiment_std,sentiment_neg_mean,sentiment_pos_mean,negative_news_pct,positive_news_pct
2025-01-10,1360732,25,-0.24376799999999998,-0.9246,0.9287,0.6123061859690787,0.15592,0.07696,0.64,0.32
2025-01-11,1520085,25,0.202708,-0.872,0.9387,0.5895679013786284,0.0908,0.13696,0.32,0.6
2025-01-12,1534608,25,-0.153296,-0.9552,0.8214,0.5315624264223348,0.09688000000000001,0.050600000000000006,0.52,0.36
2025-01-13,1240011,25,-0.06633200000000002,-0.9595,0.8779,0.5847006322691981,0.11216000000000001,0.08075999999999998,0.44,0.44
2025-01-14,1860145,25,-0.25204,-0.9552,0.5267,0.5290164768700498,0.14596,0.08548,0.6,0.4
2025-01-15,1348210,25,0.12966,-0.8658,0.8658,0.5795845601808246,0.06327999999999999,0.09571999999999999,0.36,0.52
2025-01-16,1322666,25,-0.03674399999999999,-0.9118,0.8225,0.6015496322532331,0.09168,0.07772,0.44,0.36
2025-01-17,1340056,25,0.019355999999999988,-0.9349,0.8979,0.5145539630242877,0.08112,0.0758,0.36,0.4
2025-01-18,1391009,25,-0.05218000000000002,-0.8481,0.8402,0.4878401098720769,0.07296,0.06523999999999999,0.44,0.4
2025-01-19,1491227,25,0.08230399999999999,-0.872,0.9022,0.4558946654480616,0.047240000000000004,0.07668,0.24,0.52
2025-01-20,1378886,25,-0.036824,-0.9169,0.9186,0.535859483282698,0.09140000000000001,0.06792,0.44,0.4
2025-01-21,1490366,25,-0.0016719999999999936,-0.891,0.7506,0.54500360697522,0.08167999999999999,0.07708,0.4,0.36
2025-01-22,1696513,25,0.07342,-0.9287,0.8271,0.5288768892663017,0.0694,0.08484,0.36,0.44
2025-01-23,2138053,25,0.010159999999999988,-0.9062,0.8689,0.6328863544112797,0.08768,0.09704,0.4,0.48
2025-01-24,2224600,25,-0.21299600000000002,-0.9509,0.8689,0.4949806763743409,0.11896,0.07156000000000001,0.6,0.24
2025-01-25,2676417,25,-0.06742799999999999,-0.9432,0.9501,0.6167664754313418,0.10888000000000002,0.08936,0.44,0.44
2025-01-26,2803755,25,0.020803999999999996,-0.8176,0.8689,0.4972444255936913,0.08231999999999999,0.09712,0.36,0.36
2025-01-27,2502795,25,-0.03362399999999999,-0.9509,0.9153,0.5456578182560935,0.07468,0.07152,0.4,0.32
2025-01-28,2528920,25,-0.025448,-0.9246,0.8779,0.5048966960636602,0.0802,0.086,0.48,0.4
2025-01-29,2610215,25,0.057128000000000005,-0.91,0.9153,0.6116702755700983,0.07583999999999999,0.09848000000000001,0.44,0.44
2025-01-30,2683668,25,0.045128,-0.8658,0.9313,0.5261988905499516,0.07248000000000002,0.07540000000000001,0.4,0.4
2025-01-31,2487052,25,-0.061252000000000015,-0.9001,0.9118,0.654324408299125,0.09876,0.07912,0.48,0.44
2025-02-01,2409421,25,-0.22874000000000003,-0.9628,0.936,0.6351303066300646,0.11028,0.06672,0.64,0.28
2025-02-02,2641811,25,0.044856,-0.9062,0.9042,0.5312204258723492,0.07339999999999999,0.07647999999999999,0.4,0.44
2025-02-03,2823722,25,0.016216000000000005,-0.91,0.93,0.611908137994585,0.09284,0.10524000000000001,0.36,0.48
2025-02-04,3092516,25,0.022515999999999994,-0.9287,0.9412,0.5810552061069585,0.0816,0.08948,0.44,0.48
2025-02-05,2688863,25,-0.141104,-0.9726,0.9246,0.5644820064306745,0.12632,0.07311999999999999,0.52,0.28
2025-02-06,2645042,25,-0.165144,-0.875,0.8934,0.5759428256901895,0.11676,0.08352,0.64,0.28
2025-02-07,2780240,25,0.17731599999999997,-0.8176,0.8658,0.5452719759386135,0.08572,0.12984,0.32,0.56
2025-02-08,2987965,25,0.061135999999999996,-0.8316,0.8832,0.5746243774014465,0.07955999999999999,0.08404000000000002,0.32,0.44
2025-02-09,3085707,25,0.581584,-0.5106,0.9325,0.4060589441743649,0.02936,0.17516,0.08,0.84
2025-02-10,2885163,25,-0.08840800000000001,-0.9169,0.8225,0.46581898279911266,0.08248,0.07375999999999999,0.6,0.2
2025-02-11,3107523,25,0.10216400000000002,-0.875,0.926,0.5551627155204139,0.056159999999999995,0.0806,0.32,0.52
2025-02-12,3312222,25,-0.030855999999999998,-0.8807,0.9246,0.548560302668722,0.0732,0.07596,0.4,0.4
2025-02-13,2602014,25,-0.226896,-0.9517,0.9712,0.6279040681378009,0.13787999999999997,0.06387999999999999,0.64,0.32
2025-02-14,2898749,25,-0.18798,-0.9565,0.8735,0.5674437071639794,0.11776,0.06912000000000001,0.56,0.32
2025-02-15,3532667,25,0.111904,-0.926,0.93,0.5329317926189054,0.08547999999999999,0.09700000000000002,0.28,0.56
2025-02-16,3659792,25,-0.13074,-0.9657,0.891,0.6444908564130293,0.11475999999999999,0.06739999999999999,0.52,0.36
2025-02-17,3546964,25,0.024984000000000006,-0.9552,0.9501,0.5984871003989978,0.09284,0.085,0.4,0.4
2025-02-18,3523550,25,0.19513999999999998,-0.7845,0.936,0.4841284094122137,0.05351999999999999,0.09748,0.2,0.72
2025-02-19,3425778,25,-0.138104,-0.891,0.9325,0.5696016063741394,0.10216000000000001,0.07396,0.64,0.28
2025-02-20,3721892,25,-0.033944,-0.936,0.8305,0.5357534620177457,0.08052,0.08716000000000002,0.4,0.44
2025-02-21,3523182,25,-0.007495999999999987,-0.9413,0.8442,0.5496865888704217,0.07464,0.06416000000000001,0.4,0.4
2025-02-22,3333563,25,0.17688800000000002,-0.9153,0.979,0.6213296756601925,0.0628,0.12187999999999999,0.36,0.56
2025-02-23,3565307,25,-0.190848,-0.9618,0.6597,0.5477185365641737,0.11356,0.04596,0.64,0.28
2025-02-24,3673639,25,-0.205604,-0.9698,0.9601,0.6040107677715688,0.12924,0.060759999999999995,0.56,0.4
2025-02-25,3729076,25,0.158728,-0.7351,0.8126,0.4602527023451356,0.037720000000000004,0.07632,0.36,0.44
2025-02-26,3707295,25,0.019116,-0.9246,0.9042,0.6027651878998986,0.08460000000000001,0.07092000000000001,0.36,0.48
2025-02-27,3795703,25,-0.055956,-0.9325,0.7506,0.4908054955519549,0.06380000000000001,0.04024,0.32,0.32
2025-02-28,3592837,25,-0.050616,-0.9601,0.9601,0.5279947209433064,0.08544,0.08824,0.48,0.32
2025-03-01,3610309,25,0.17298,-0.765,0.9565,0.5221271423705149,0.05335999999999999,0.10379999999999999,0.32,0.48
2025-03-02,3643275,25,0.16606400000000002,-0.6369,0.9132,0.44303310113805267,0.04164,0.0858,0.32,0.52
2025-03-03,3703717,25,-0.07239599999999999,-0.8979,0.8906,0.49322338588513825,0.08088000000000001,0.07272,0.44,0.32
2025-03-04,3794408,25,-0.091508,-0.9451,0.7506,0.465476589245904,0.07196,0.048119999999999996,0.52,0.28
2025-03-05,3670742,25,-0.09584399999999998,-0.9477,0.9201,0.5745200125878993,0.09648,0.06875999999999999,0.44,0.36
2025-03-06,3410356,25,-0.136444,-0.926,0.91,0.5885670280129529,0.09552,0.06488000000000001,0.52,0.36
2025-03-07,3440709,25,-0.17794399999999996,-0.9674,0.8555,0.6621391636687864,0.13388,0.066,0.52,0.4
2025-03-08,3417084,25,-0.06595600000000001,-0.9652,0.875,0.507918524237894,0.08144,0.07892,0.48,0.44
2025-03-09,3540291,25,-0.1335,-0.8316,0.8316,0.5574665981025231,0.09348000000000001,0.0508,0.56,0.32
2025-03-10,3811267,25,-0.16743199999999997,-0.9468,0.8225,0.5427981877051544,0.09627999999999998,0.047400000000000005,0.52,0.24
2025-03-11,3959561,25,-0.251604,-0.9529,0.9403,0.5438733907666379,0.13011999999999999,0.07336000000000001,0.68,0.28
2025-03-12,3930416,25,-0.05066399999999999,-0.9337,0.6808,0.43071564344007757,0.08776,0.06776,0.44,0.44
2025-03-13,3899267,25,-0.19220800000000002,-0.8625,0.802,0.47341500434185646,0.08752,0.04292,0.56,0.16
2025-03-14,3767169,25,-0.009751999999999983,-0.8519,0.9042,0.5282720345579538,0.08264,0.08991999999999999,0.44,0.44
2025-03-15,3496563,25,-0.191296,-0.9118,0.8442,0.5842789145468112,0.11132,0.05532,0.56,0.28
2025-03-16,3572449,25,0.08434000000000001,-0.9042,0.9628,0.5352566920646579,0.06844,0.11071999999999999,0.36,0.48
2025-03-17,3775493,25,0.06402399999999998,-0.946,0.9774,0.57834852349081,0.07768000000000001,0.09783999999999998,0.36,0.52
2025-03-18,3793054,25,-0.07794,-0.9741,0.8442,0.5948897968531651,0.10244,0.07196,0.48,0.4
2025-03-19,3811907,25,-0.176176,-0.8807,0.6908,0.48824706965224074,0.0978,0.05408,0.6,0.28
2025-03-20,3829032,25,-0.46366,-0.9732,0.8338,0.454553623679319,0.16688,0.038919999999999996,0.8,0.12
2025-03-21,3519830,25,-0.143092,-0.9442,0.8519,0.6082306956542065,0.1264,0.08904,0.52,0.4
2025-03-22,3728991,25,-0.293848,-0.9666,0.8126,0.5909291619949044,0.14632,0.05376,0.56,0.2
2025-03-23,3512647,25,-0.115428,-0.9313,0.8271,0.443432770570692,0.0912,0.06564,0.48,0.28
2025-03-24,3614609,25,-0.24295999999999998,-0.936,0.9517,0.5550710686029313,0.12187999999999999,0.08192,0.6,0.28
2025-03-25,3722511,25,-0.17049599999999998,-0.9588,0.9666,0.6206861651301727,0.13148,0.09336000000000003,0.56,0.4
2025-03-26,3672689,25,-0.22688,-0.9442,0.7717,0.5232776463790518,0.11616,0.05392,0.52,0.2
2025-03-27,3736543,25,-0.16706800000000002,-0.9833,0.9136,0.5724059774111377,0.12404,0.07468,0.52,0.32
2025-03-28,3805644,25,-0.20678000000000002,-0.9485,0.9229,0.5450811550585839,0.11272000000000001,0.06484,0.6,0.24
2025-03-29,3503312,25,-0.013583999999999987,-0.9325,0.8984,0.5832628139561102,0.09112,0.08872,0.4,0.48
2025-03-30,3602594,25,-0.004916000000000005,-0.9432,0.7717,0.4838214097619079,0.07928,0.06888,0.4,0.44
2025-03-31,3741254,25,0.13252799999999998,-0.9552,0.9628,0.5417971410186657,0.055,0.09444,0.36,0.56
2025-04-01,3716763,25,0.064376,-0.8316,0.93,0.6207678685499113,0.07448,0.11456,0.36,0.44
2025-04-02,3543824,25,-0.214056,-0.9661,0.7269,0.5241954315558273,0.10916000000000001,0.04604,0.6,0.24
2025-04-03,3288170,25,-0.17282,-0.9538,0.8807,0.5821241826277276,0.10880000000000001,0.05448,0.52,0.36
2025-04-04,3112932,25,-0.147392,-0.927,0.9393,0.6131481980206743,0.09996000000000001,0.06524,0.48,0.28
2025-04-05,2954742,25,0.002556000000000007,-0.9001,0.9565,0.5869035737359246,0.08295999999999999,0.08484,0.48,0.36
2025-04-06,3326671,25,-0.09252,-0.9673,0.9531,0.6189055378650283,0.10120000000000001,0.08512,0.48,0.36
2025-04-07,3284203,25,0.06696,-0.763,0.8807,0.5082543166565336,0.0718,0.09051999999999999,0.36,0.36
2025-04-08,3272990,25,-0.18061999999999998,-0.9153,0.928,0.5985834504895704,0.10020000000000001,0.06348000000000001,0.52,0.32
2025-04-09,3509410,25,-0.114236,-0.91,0.8957,0.554180764646338,0.09416000000000001,0.0718,0.44,0.32
2025-04-10,3385868,25,-0.16255599999999998,-0.9801,0.6808,0.5558532332045933,0.12636,0.06024,0.52,0.36
2025-04-11,3278309,25,-0.27834400000000004,-0.9666,0.8883,0.5497776976778886,0.13048,0.06684,0.64,0.32
2025-04-12,3176469,25,0.008167999999999993,-0.8834,0.8834,0.5435653688159318,0.09304,0.09160000000000001,0.32,0.48
2025-04-13,3375175,25,0.159384,-0.9571,0.9186,0.6373865067162938,0.0758,0.11539999999999999,0.32,0.56
2025-04-14,3655494,25,-0.111668,-0.9846,0.802,0.5551868966177066,0.12572,0.08148,0.44,0.4
2025-04-15,3669252,25,-0.10374799999999999,-0.9349,0.875,0.531688858728486,0.11811999999999999,0.07452,0.48,0.44
2025-04-16,3742275,25,-0.276808,-0.8658,0.6597,0.47071392324425665,0.11008,0.036520000000000004,0.6,0.2
2025-04-17,3616711,25,0.04023999999999999,-0.9349,0.743,0.49797288681212354,0.06436,0.0634,0.32,0.44
2025-04-18,3606081,25,-0.134696,-0.8442,0.8074,0.508238208307876,0.07268000000000001,0.057,0.44,0.32
2025-04-19,3535698,25,-0.14356800000000003,-0.91,0.6808,0.5034569484831846,0.09288,0.05512,0.56,0.28
2025-04-20,3574021,25,-0.135296,-0.8176,0.9001,0.4577945115267329,0.08460000000000001,0.062119999999999995,0.56,0.24
2025-04-21,3592255,25,-0.046384,-0.9558,0.8126,0.5975221727634883,0.10264,0.08824,0.48,0.48
2025-04-22,3677122,25,0.129528,-0.967,0.872,0.5668224155906327,0.057440000000000005,0.07351999999999999,0.24,0.52
2025-04-23,3733309,25,-0.016040000000000002,-0.8934,0.7003,0.5301730260961981,0.09803999999999999,0.07908,0.44,0.4
2025-04-24,3597377,25,0.13968,-0.9839,0.9403,0.6720154516080713,0.09799999999999999,0.11808,0.36,0.56
2025-04-25,3391886,25,-0.187944,-0.9661,0.7506,0.5195834693906264,0.09584000000000001,0.043440000000000006,0.6,0.28
2025-04-26,3466467,25,-0.32314400000000004,-0.9274,0.6908,0.47669134842579214,0.12836,0.06,0.64,0.2
2025-04-27,3613186,25,0.16904,-0.9382,0.9274,0.5990944793603092,0.065,0.11124,0.32,0.6
2025-04-28,3628971,25,-0.23561200000000004,-0.9001,0.6486,0.49656942340019283,0.09879999999999999,0.04532,0.56,0.2
2025-04-29,3090053,25,0.009436,-0.9648,0.8689,0.54438002967045,0.08392,0.08148,0.4,0.44
2025-04-30,3386292,25,-0.296068,-0.936,0.6908,0.48312776754808867,0.12356,0.047040000000000005,0.64,0.24
2025-05-01,2601079,25,-0.029883999999999994,-0.8807,0.8481,0.4966072908687507,0.08616,0.08344,0.4,0.4
2025-05-02,1936982,25,-0.21322400000000002,-0.9136,0.8402,0.576828367041705,0.10672000000000001,0.0516,0.56,0.24
2025-05-03,1926880,25,0.0055800000000000025,-0.9816,0.8689,0.5694700244964611,0.08444000000000002,0.07932,0.32,0.52
2025-05-04,2067368,25,-0.024783999999999997,-0.8923,0.7506,0.4509056111249892,0.06863999999999999,0.05156000000000001,0.4,0.4
2025-05-05,1777598,25,-0.032332,-0.9287,0.802,0.5852408015304469,0.08280000000000001,0.06756000000000001,0.52,0.4
2025-05-06,1891232,25,-0.23562800000000003,-0.959,0.8126,0.5033366710423551,0.1158,0.05036,0.64,0.2
2025-05-07,2002392,25,-0.15252,-0.9859,0.93,0.5073038292778796,0.10856000000000002,0.0696,0.52,0.2
2025-05-08,1978602,25,0.174068,-0.926,0.9643,0.601939005361839,0.0766,0.13812000000000002,0.24,0.6
2025-05-09,1751670,25,-0.270664,-0.9413,0.7906,0.5575648625083901,0.13216,0.05776,0.6,0.32
2025-05-10,1876764,25,0.06807600000000001,-0.836,0.8555,0.49054293535224824,0.06416000000000001,0.08248000000000001,0.44,0.36
2025-05-11,1918945,25,0.320004,-0.9246,0.8934,0.5560632557398484,0.06376,0.141,0.24,0.72
2025-05-12,1784684,25,0.09084400000000001,-0.8957,0.891,0.5714339066453793,0.07348,0.11019999999999998,0.36,0.52
2025-05-13,1821697,25,-0.003615999999999997,-0.836,0.7783,0.48943923641653414,0.07616,0.07684,0.4,0.4
2025-05-14,1878407,25,-0.184176,-0.8979,0.875,0.5581905719590756,0.10815999999999999,0.06896,0.56,0.36
2025-05-15,1769587,25,-0.03074,-0.8658,0.839,0.48931470037185676,0.09312,0.08120000000000001,0.44,0.4
2025-05-16,1953588,25,0.004627999999999992,-0.9432,0.9413,0.6072464247865111,0.1114,0.09707999999999999,0.36,0.48
2025-05-17,1991469,25,-0.08244800000000002,-0.9517,0.9422,0.6961718731003141,0.14043999999999998,0.10604000000000001,0.56,0.44
2025-05-18,2215162,25,0.08910400000000002,-0.8885,0.9403,0.6349229405085313,0.09412000000000001,0.11495999999999999,0.36,0.52
2025-05-19,2083828,25,0.057308000000000005,-0.8932,0.891,0.5516811353816623,0.07676,0.07916000000000001,0.36,0.52
2025-05-20,1922936,25,-0.07468399999999999,-0.8807,0.8271,0.585467937759191,0.10032,0.07408000000000001,0.48,0.44
2025-05-21,1923434,25,0.066344,-0.9169,0.9587,0.6929648453305549,0.09276,0.1168,0.44,0.48
2025-05-22,1877496,25,-0.17903199999999997,-0.9753,0.8674,0.6412736693300295,0.12968,0.07368,0.56,0.32
2025-05-23,2013824,25,-0.004128000000000012,-0.9413,0.936,0.691311870298782,0.107,0.09332000000000001,0.4,0.44
2025-05-24,1965660,25,-0.15859199999999998,-0.9325,0.9571,0.6182076207359467,0.121,0.08728000000000001,0.56,0.36
2025-05-25,1939601,25,-0.16274800000000003,-0.9623,0.9217,0.5641441759834095,0.10732,0.071,0.52,0.36
2025-05-26,1838863,25,-0.10277599999999999,-0.91,0.9313,0.5779513102537271,0.09008000000000001,0.07676,0.56,0.32
2025-05-27,1827921,25,-0.067916,-0.8779,0.6996,0.5001711360564501,0.08736000000000001,0.07783999999999999,0.52,0.44
2025-05-28,1973811,25,-0.227136,-0.9186,0.8779,0.5899503042663848,0.12576,0.07007999999999999,0.56,0.32
2025-05-29,1908198,25,-0.23626400000000003,-0.9118,0.8689,0.5296770849338303,0.11552,0.056720000000000007,0.56,0.28
2025-05-30,1896681,25,-0.068536,-0.7906,0.6486,0.45638290755022803,0.0814,0.0626,0.48,0.4
2025-05-31,1915602,25,0.08808400000000001,-0.9217,0.9565,0.6014427518426005,0.09124,0.11348000000000001,0.4,0.48
2025-06-01,2080933,25,-0.18698399999999998,-0.9538,0.7088,0.5268697225538775,0.12924000000000002,0.07028,0.56,0.28
2025-06-02,1965242,25,-0.06714000000000002,-0.9325,0.8467,0.607828121100036,0.10031999999999998,0.07264,0.48,0.4
2025-06-03,1915496,25,-0.037064,-0.8957,0.8555,0.5185078281993436,0.06972,0.07028,0.44,0.44
2025-06-04,2013158,25,-0.103492,-0.9118,0.8689,0.5004884613415178,0.07812000000000001,0.05720000000000001,0.48,0.24
2025-06-05,1830359,25,0.13390799999999997,-0.9246,0.8481,0.5526667660860385,0.071,0.10167999999999999,0.28,0.56
2025-06-06,1544432,25,-0.29728,-0.9393,0.9649,0.6469336874827281,0.16352,0.09015999999999998,0.64,0.28
2025-06-07,1622021,25,0.155136,-0.9022,0.9382,0.6721463429224324,0.085,0.12240000000000001,0.36,0.52
2025-06-08,1759985,25,-0.027399999999999994,-0.8561,0.9349,0.6002458089816205,0.08367999999999999,0.08316000000000001,0.48,0.44
2025-06-09,1667767,25,0.117196,-0.8968,0.8583,0.43170870964575175,0.04076,0.07292000000000001,0.24,0.56
2025-06-10,1625806,25,-0.11279599999999998,-0.8402,0.8519,0.4756678466997743,0.08448,0.06016,0.56,0.24
2025-06-11,1661620,25,-0.07712,-0.9612,0.7717,0.46809636956507156,0.07092000000000001,0.05596,0.4,0.4
2025-06-12,1605323,25,-0.104328,-0.891,0.8555,0.5518695298854612,0.10396,0.08259999999999999,0.56,0.36
2025-06-13,1691991,25,-0.138112,-0.9325,0.9153,0.5965846818817929,0.11155999999999999,0.0774,0.56,0.28
2025-06-14,1726837,25,0.016915999999999997,-0.9337,0.8402,0.5655606157999334,0.0958,0.0802,0.32,0.48
2025-06-15,1605632,25,-0.12330400000000001,-0.9313,0.8176,0.5468006879878626,0.11687999999999998,0.07188,0.52,0.4
2025-06-16,1774850,25,-0.25109200000000004,-0.9217,0.9195,0.5652636920376188,0.13188,0.06431999999999999,0.64,0.28
2025-06-17,1149769,25,-0.19073600000000002,-0.9441,0.9349,0.6926626947540917,0.15216,0.09296000000000001,0.6,0.4
2025-06-18,1119060,25,0.04012800000000001,-0.93,0.9042,0.5710435006337083,0.07916000000000001,0.08800000000000001,0.4,0.48
2025-06-19,1053818,25,-0.151124,-0.9828,0.7297,0.5459640744810963,0.10456,0.05468,0.48,0.4
2025-06-20,1073789,25,-0.2657,-0.9371,0.6705,0.46705989508841367,0.11059999999999999,0.056479999999999995,0.64,0.24
2025-06-21,1112979,25,-0.364152,-0.9393,0.7351,0.577023321622272,0.15968,0.04804,0.6,0.24
2025-06-22,1130102,25,-0.030923999999999986,-0.8957,0.9239,0.5862477546430349,0.09696000000000002,0.09391999999999999,0.52,0.36
2025-06-23,1041601,25,-0.16993200000000003,-0.9661,0.7579,0.508607304485494,0.10555999999999999,0.05256,0.56,0.32
2025-06-24,1043178,25,-0.022083999999999996,-0.9657,0.875,0.479743899746521,0.07576000000000001,0.06984,0.44,0.36
2025-06-25,1044376,25,-0.059732,-0.9595,0.7506,0.5085973808190523,0.06548000000000001,0.05568000000000001,0.44,0.48
2025-06-26,1098367,25,0.03441199999999998,-0.9799,0.9552,0.6415570074872535,0.09971999999999999,0.09516000000000002,0.36,0.56
2025-06-27,1114592,25,-0.181864,-0.9201,0.8221,0.5426867707103242,0.09632,0.050679999999999996,0.56,0.28
2025-06-28,1067020,25,-0.14902,-0.9709,0.6808,0.5167083486842456,0.1164,0.06372,0.48,0.36
2025-06-29,1111414,25,-0.091752,-0.9666,0.9231,0.5297835317334807,0.08655999999999998,0.06863999999999999,0.4,0.44
2025-06-30,889942,25,0.073468,-0.975,0.8555,0.5976924330924727,0.08968,0.08056,0.32,0.64
2025-07-01,311477,25,-0.09327999999999999,-0.9796,0.6124,0.4683166014567496,0.10792,0.07555999999999999,0.52,0.36
2025-07-02,539292,25,-0.267832,-0.9565,0.7579,0.45848660326775087,0.12448000000000001,0.05092000000000001,0.6,0.28
2025-07-03,619661,25,0.13584800000000002,-0.9485,0.9142,0.6184312230927543,0.07644000000000001,0.09632000000000002,0.36,0.56
2025-07-04,681677,25,-0.0057320000000000175,-0.9274,0.9464,0.5709983227435962,0.09952,0.09336,0.44,0.4
2025-07-05,678740,25,-0.126876,-0.9674,0.8442,0.5395211938598891,0.08860000000000001,0.04944,0.48,0.32
2025-07-06,656598,25,-0.08636799999999999,-0.9344,0.9638,0.5994234114346886,0.09688,0.07092000000000001,0.52,0.4
2025-07-07,653429,25,-0.129252,-0.9337,0.78,0.42270702394921233,0.08084,0.048679999999999994,0.44,0.32
2025-07-08,687039,25,-0.15916800000000003,-0.9118,0.8442,0.6172677744512506,0.11676,0.08036,0.6,0.36
2025-07-09,656789,25,-0.30924,-0.9643,0.9201,0.5800380628889797,0.1508,0.0636,0.68,0.24
2025-07-10,658441,25,-0.042963999999999974,-0.9432,0.9081,0.5286058810720895,0.07668,0.06976,0.44,0.52
2025-07-11,652589,25,-0.19770800000000002,-0.9274,0.765,0.538405205710346,0.10304,0.054520000000000006,0.52,0.24
2025-07-12,625809,25,0.15525599999999998,-0.9186,0.9485,0.5457467317941538,0.0552,0.09295999999999999,0.36,0.52
2025-07-13,600056,25,-0.039127999999999996,-0.9468,0.9343,0.5994084460666199,0.09603999999999999,0.07336000000000001,0.32,0.4
2025-07-14,621921,25,-0.16488,-0.9118,0.9517,0.5906876325097724,0.12755999999999998,0.0794,0.56,0.36
2025-07-15,596349,25,-0.153584,-0.886,0.9493,0.5018426707086595,0.09584000000000001,0.06023999999999999,0.48,0.32
2025-07-16,557543,25,-0.095952,-0.9756,0.9118,0.619270547738224,0.1222,0.08736,0.52,0.32
2025-07-17,531820,25,-0.057636,-0.9217,0.5859,0.4315812914202839,0.055159999999999994,0.03816,0.28,0.32
2025-07-18,607709,25,-0.133012,-0.8074,0.8091,0.492110600024019,0.09911999999999999,0.06548,0.64,0.24
2025-07-19,594948,25,-0.02054,-0.9201,0.8316,0.5754014299599889,0.09376000000000001,0.08280000000000001,0.44,0.44
2025-07-20,541151,25,-0.20146799999999998,-0.9584,0.8402,0.6201329262150173,0.12656,0.06336,0.56,0.36
2025-07-21,570477,25,-0.09278399999999999,-0.9764,0.9022,0.5591418937479108,0.12296000000000001,0.08544,0.48,0.44
2025-07-22,603817,25,-0.11179599999999999,-0.9628,0.8074,0.5735599759257963,0.09824000000000002,0.06556000000000001,0.48,0.4
2025-07-23,689735,25,-0.10217999999999999,-0.9201,0.7906,0.5360387008416463,0.08344,0.05472,0.36,0.32
2025-07-24,1274993,25,-0.169108,-0.8771,0.7264,0.5485770734691707,0.09896,0.0634,0.56,0.36
2025-07-25,687125,25,-0.142816,-0.9468,0.8934,0.56849815315795,0.10864000000000001,0.06872,0.44,0.32
2025-07-26,587447,25,-0.215456,-0.8591,0.9451,0.5589327366186383,0.11092,0.07232,0.64,0.24
2025-07-27,567765,25,0.09927600000000002,-0.9231,0.9552,0.6122968765427438,0.07908,0.0938,0.36,0.52
2025-07-28,580009,25,-0.013351999999999996,-0.9413,0.9432,0.57059626155102,0.07296,0.07256,0.48,0.32
2025-07-29,577780,25,-0.083576,-0.93,0.802,0.4897888633115293,0.08376000000000001,0.0528,0.44,0.32
2025-07-30,589554,25,-0.074064,-0.9349,0.6705,0.5382778746186768,0.08648,0.06548,0.44,0.44
2025-07-31,553995,25,-0.032411999999999996,-0.743,0.8481,0.4898664343022494,0.06828,0.07268000000000001,0.44,0.4
2025-08-01,764126,25,-0.031816,-0.8176,0.7579,0.4760116130348082,0.07228,0.06624,0.36,0.44
2025-08-02,569653,25,-0.08360400000000003,-0.9432,0.8658,0.5996134864927573,0.10024,0.06907999999999999,0.4,0.36
2025-08-03,480429,25,-0.289664,-0.938,0.6249,0.48165102958885075,0.13292,0.059640000000000006,0.64,0.24
2025-08-04,496858,25,0.09535199999999999,-0.9001,0.9042,0.5819587395133782,0.0716,0.09272,0.32,0.56
2025-08-05,646544,25,0.004056000000000004,-0.9136,0.9451,0.6298206456317544,0.1082,0.12052,0.44,0.48
2025-08-06,605591,25,-0.08724399999999999,-0.8363,0.8271,0.49173533212898174,0.07764,0.0696,0.56,0.36
2025-08-07,641014,25,-0.34279200000000004,-0.9468,0.4404,0.4174275658554428,0.12152000000000002,0.030200000000000005,0.72,0.2
2025-08-08,674226,25,-0.09290800000000003,-0.9022,0.8779,0.5409227182657427,0.08347999999999998,0.06612,0.4,0.32
2025-08-09,678392,25,-0.28535599999999994,-0.9674,0.5574,0.5278679759788426,0.132,0.03908,0.6,0.28
2025-08-10,642076,25,-0.388268,-0.9702,0.8047,0.469640940906987,0.15319999999999998,0.05092000000000001,0.68,0.2
2025-08-11,675231,25,-0.275556,-0.9413,0.8402,0.5925329804019351,0.12547999999999998,0.06024000000000001,0.6,0.28
2025-08-12,739406,25,-0.21559199999999998,-0.9682,0.5423,0.481181687033079,0.11552,0.057319999999999996,0.56,0.28
2025-08-13,673853,25,-0.024199999999999982,-0.9468,0.93,0.5621636309830084,0.08780000000000002,0.07972,0.4,0.44
2025-08-14,633217,25,0.020472000000000004,-0.8885,0.8689,0.5485768442214819,0.08439999999999999,0.07719999999999999,0.36,0.44
2025-08-15,594624,25,-0.12269999999999999,-0.9432,0.8658,0.5122376518765485,0.09964,0.0736,0.56,0.32
2025-08-16,597692,25,-0.079116,-0.9231,0.6486,0.4358956330866369,0.05960000000000001,0.04768,0.4,0.32
2025-08-17,556367,25,-0.14658800000000002,-0.9529,0.7906,0.5858384830787408,0.11499999999999998,0.06396,0.56,0.32
2025-08-18,552554,25,-0.25032400000000005,-0.9312,0.802,0.5133245494070978,0.10867999999999998,0.04632,0.52,0.36
2025-08-19,595531,25,-0.299584,-0.9628,0.836,0.4819899490072381,0.11515999999999998,0.05576,0.64,0.24
2025-08-20,741633,25,-0.16532,-0.9747,0.8225,0.582060280039791,0.10368000000000001,0.06308000000000001,0.48,0.24
2025-08-21,597704,25,-0.10426,-0.9403,0.6597,0.47272802836303246,0.091,0.06835999999999999,0.44,0.28
2025-08-22,600054,25,-0.10952,-0.9476,0.7783,0.5946454533585538,0.10084,0.0806,0.56,0.36
2025-08-23,553058,25,-0.036016,-0.9413,0.9393,0.5744878663157299,0.09179999999999999,0.07588,0.44,0.36
2025-08-24,564234,25,-0.121552,-0.9867,0.9628,0.6198724850289775,0.11984000000000002,0.08100000000000002,0.48,0.36
2025-08-25,540023,25,-0.005135999999999998,-0.8968,0.8899,0.5345519633337811,0.077,0.08044000000000001,0.36,0.4
2025-08-26,602716,25,-0.11865199999999998,-0.9517,0.9493,0.5947261696747503,0.09827999999999999,0.08719999999999999,0.56,0.28
2025-08-27,584675,25,0.02726799999999999,-0.9753,0.9445,0.6515080461329699,0.09264000000000001,0.10020000000000001,0.4,0.52
2025-08-28,623502,25,-0.194128,-0.9382,0.936,0.6019750210897459,0.10884,0.060200000000000004,0.52,0.24
2025-08-29,575488,25,-0.15565600000000004,-0.8689,0.6597,0.45279297351438663,0.06784000000000001,0.03748,0.52,0.24
2025-08-30,581054,25,-0.227712,-0.9595,0.8873,0.5114523159161566,0.12423999999999999,0.06544,0.56,0.24
2025-08-31,575965,25,-0.174652,-0.9423,0.8225,0.617274545802757,0.1276,0.07012,0.52,0.44
2025-09-01,594759,25,0.071204,-0.9062,0.9022,0.5761605779502794,0.07124,0.10272,0.4,0.52
2025-09-02,555274,25,0.08555600000000001,-0.9001,0.9274,0.4815080137069372,0.08212000000000001,0.09632,0.32,0.52
2025-09-03,605992,25,-0.208036,-0.93,0.6908,0.4294780365792877,0.08687999999999999,0.04168,0.56,0.12
2025-09-04,341584,25,-0.28156,-0.9719,0.8176,0.4542946858593,0.12091999999999999,0.043280000000000006,0.64,0.2
2025-09-05,196760,25,-0.030827999999999998,-0.9729,0.93,0.5478228644516401,0.09504,0.07048,0.4,0.36
2025-09-06,171011,25,-0.11820799999999998,-0.8779,0.9001,0.5300090889182939,0.08916,0.07048000000000001,0.48,0.32
2025-09-07,111605,25,0.27721199999999996,-0.836,0.9022,0.5269348592150647,0.05132,0.10452,0.24,0.72
2025-09-08,92446,25,-0.21776,-0.9565,0.9349,0.5575840758127871,0.12011999999999999,0.06036,0.52,0.36
2025-09-09,152175,25,0.09470400000000001,-0.743,0.9313,0.5723615762645148,0.07480000000000002,0.11012000000000001,0.4,0.4
2025-09-10,116980,25,-0.252524,-0.872,0.9382,0.5214354389797456,0.1162,0.0674,0.68,0.24
2025-09-11,208460,25,-0.30986,-0.9538,0.7096,0.5370130724665835,0.15136000000000002,0.0652,0.6,0.24
2025-09-12,137293,25,-0.367204,-0.9201,0.9081,0.5646395908754539,0.14396,0.040720000000000006,0.64,0.2
2025-09-13,238844,25,-0.149424,-0.836,0.8591,0.5774034889260715,0.10672000000000001,0.07848,0.64,0.28
2025-09-14,116622,25,0.012268000000000017,-0.9231,0.9153,0.660331750997936,0.0868,0.09876000000000001,0.44,0.52
2025-09-15,95937,25,0.065604,-0.8922,0.9217,0.5422565934905725,0.07736,0.10216000000000001,0.36,0.52
2025-09-16,188943,25,-0.290708,-0.9337,0.4215,0.4618095468220638,0.10723999999999999,0.029440000000000004,0.6,0.24
2025-09-17,179330,25,-0.169796,-0.9531,0.8519,0.5877407411299644,0.11016,0.059239999999999994,0.56,0.28
2025-09-18,154300,25,-0.085272,-0.872,0.6369,0.4217537267363502,0.07672,0.066,0.48,0.36
2025-09-19,149361,25,-0.079144,-0.8779,0.91,0.5983465785512607,0.09808,0.08075999999999998,0.52,0.32
2025-09-20,161828,25,-0.233096,-0.9423,0.8519,0.6035239266044057,0.13008,0.04768000000000001,0.6,0.32
2025-09-21,107549,25,-0.11918799999999999,-0.9313,0.9022,0.5417170629175344,0.10416,0.07496,0.6,0.24
2025-09-22,119618,25,-0.28946400000000005,-0.9062,0.4939,0.45383951778574766,0.11012000000000001,0.040040000000000006,0.68,0.2
2025-09-23,252016,25,-0.154204,-0.9201,0.6808,0.4685272418803415,0.086,0.05736000000000001,0.44,0.4
2025-09-24,171189,25,-0.17057200000000003,-0.9552,0.8074,0.5860749047826566,0.11488,0.06412,0.48,0.32
2025-09-25,224831,25,-0.08986000000000001,-0.8689,0.9117,0.5365373634706161,0.09527999999999999,0.07284,0.52,0.4
2025-09-26,200869,25,-0.22816399999999998,-0.93,0.765,0.4981704839751147,0.11896000000000001,0.0516,0.64,0.24
2025-09-27,155567,25,0.018055999999999992,-0.8957,0.967,0.5747990216275599,0.07523999999999999,0.09016000000000002,0.32,0.44
2025-09-28,140041,25,-0.204984,-0.8625,0.9246,0.6058394167962332,0.11168000000000002,0.07328,0.72,0.24
2025-09-29,173265,25,-0.064376,-0.9678,0.8225,0.5900416570243155,0.10303999999999998,0.08188000000000001,0.48,0.44
2025-09-30,215088,25,-0.02533199999999999,-0.969,0.9313,0.5937620248685495,0.10176,0.10120000000000001,0.52,0.44
2025-10-01,163852,0,0.0,0.0,0.0,0.0,0.0,0.0,0.0,0.0
2025-10-02,124451,25,-0.08993999999999999,-0.9565,0.9081,0.5444372154803527,0.08231999999999999,0.0668,0.48,0.32
2025-10-03,120933,25,-0.07693199999999999,-0.9509,0.9153,0.5917323075310321,0.12232,0.08584,0.52,0.36
2025-10-04,119875,25,-0.23521999999999998,-0.9758,0.8248,0.5279858376888531,0.13943999999999998,0.07792,0.64,0.32
2025-10-05,99647,25,-0.08903199999999999,-0.9732,0.875,0.6322948000545315,0.11864000000000001,0.08428000000000001,0.52,0.4
2025-10-06,99044,25,-0.024307999999999986,-0.8885,0.8442,0.5940484518421035,0.08807999999999999,0.08044000000000001,0.36,0.4
2025-10-07,115721,25,-0.008047999999999994,-0.891,0.875,0.5175453202338903,0.08751999999999999,0.07864,0.36,0.4
2025-10-08,109819,25,0.05485600000000001,-0.969,0.9274,0.612483322274166,0.09820000000000001,0.10748,0.4,0.44
2025-10-09,129620,25,-0.094044,-0.9716,0.7351,0.5318833677264218,0.10756000000000002,0.05484,0.48,0.32
2025-10-10,135977,25,-0.004843999999999999,-0.9217,0.836,0.6133282214801468,0.10747999999999999,0.09656,0.44,0.52
2025-10-11,652961,25,-0.09448400000000001,-0.9186,0.8885,0.6185794478836167,0.1104,0.08036,0.52,0.4
2025-10-12,624204,25,-0.029863999999999988,-0.8784,0.8402,0.5232110724210641,0.09068000000000001,0.07704000000000001,0.44,0.44
2025-10-13,657215,25,-0.024024000000000018,-0.8176,0.9022,0.6144944746895614,0.08628,0.10116,0.52,0.44
2025-10-14,700627,25,-0.29381599999999997,-0.9712,0.967,0.47799497376436917,0.11912000000000003,0.05364000000000001,0.6,0.2
2025-10-15,754022,25,-0.070736,-0.9274,0.7096,0.46187046052329433,0.08268,0.06816000000000001,0.44,0.4
2025-10-16,687446,25,-0.174128,-0.9136,0.9246,0.6126017091193918,0.114,0.07511999999999999,0.56,0.36
2025-10-17,763400,25,-0.283364,-0.9559,0.8481,0.6254655020894437,0.14520000000000002,0.053160000000000006,0.64,0.28
2025-10-18,910816,25,-0.19316800000000003,-0.9246,0.9552,0.5195420458211251,0.11624000000000001,0.06616,0.6,0.2
2025-10-19,706039,25,-0.15405999999999997,-0.9337,0.8126,0.5359113426677962,0.11188000000000001,0.07948000000000001,0.48,0.32
2025-10-20,639897,25,-0.14121599999999998,-0.9657,0.8481,0.47311879326866735,0.08584,0.05551999999999999,0.48,0.32
2025-10-21,446728,25,-0.034924000000000004,-0.8176,0.9325,0.5654273918232119,0.08935999999999998,0.08732000000000001,0.44,0.36
2025-10-22,528856,25,0.02113999999999998,-0.8225,0.8935,0.48350579314006153,0.09115999999999999,0.08848,0.44,0.44
2025-10-23,583807,25,-0.287648,-0.9638,0.7717,0.4584922360258677,0.12408000000000001,0.04628,0.6,0.24
2025-10-24,779680,25,-0.273336,-0.9879,0.8934,0.490327813512552,0.11911999999999999,0.02724,0.64,0.16
2025-10-25,768890,25,0.06032400000000001,-0.872,0.8792,0.5396619284552135,0.07508000000000001,0.08560000000000001,0.4,0.56
2025-10-26,548746,25,0.187048,-0.7845,0.914,0.5368151652999382,0.05675999999999999,0.10435999999999998,0.32,0.56
2025-10-27,531811,25,-0.034276,-0.9153,0.802,0.5182371467040934,0.0732,0.06304,0.36,0.4
2025-10-28,596206,25,-0.158496,-0.886,0.7178,0.4755488471061622,0.08839999999999999,0.05612,0.52,0.32
2025-10-29,559179,25,-0.24889199999999995,-0.8568,0.9274,0.5519077560027581,0.12436,0.06812,0.6,0.28
2025-10-30,592740,25,-0.098416,-0.899,0.8158,0.46313445190786656,0.06248,0.046400000000000004,0.44,0.2
2025-10-31,568779,25,-0.3348479999999999,-0.9485,0.6249,0.4661000528813529,0.13848000000000002,0.0358,0.68,0.16
2025-11-01,547857,25,-0.12276400000000003,-0.9485,0.8176,0.5971184330633246,0.09527999999999999,0.06556000000000001,0.44,0.36
2025-11-02,498711,25,-0.289564,-0.9565,0.9209,0.5353771791027331,0.1302,0.04868,0.64,0.2
2025-11-03,506828,25,-0.05726400000000001,-0.891,0.8331,0.5355650674792,0.07328,0.061919999999999996,0.32,0.44
2025-11-04,552270,25,0.12974399999999997,-0.7506,0.9001,0.48706956388589917,0.05304,0.08548,0.32,0.44
2025-11-05,569888,25,0.17861999999999997,-0.8519,0.882,0.5211309869888759,0.0482,0.09788000000000001,0.28,0.52
2025-11-06,669029,25,-0.019808000000000013,-0.9682,0.9493,0.5597268976349091,0.10679999999999999,0.09215999999999999,0.48,0.48
2025-11-07,605405,25,-0.03576800000000001,-0.8625,0.8555,0.519712376392943,0.07876,0.06568,0.4,0.32
2025-11-08,513782,25,-0.227212,-0.9313,0.8316,0.578932405947361,0.12147999999999999,0.06548,0.64,0.32
2025-11-09,194217,25,-0.14269199999999999,-0.9638,0.8807,0.5742392511279598,0.12104000000000001,0.06824,0.48,0.36
2025-11-10,140908,25,-0.07266399999999999,-0.9829,0.886,0.5879742476537556,0.10111999999999999,0.0652,0.48,0.36
2025-11-11,167817,25,-0.09130399999999998,-0.9349,0.9287,0.5249504254536804,0.11048,0.09204000000000001,0.6,0.4
2025-11-12,140036,25,0.0763,-0.8689,0.9062,0.5122234442116057,0.06248,0.08055999999999999,0.36,0.44
2025-11-13,164728,25,-0.128044,-0.9468,0.9168,0.5477021943209649,0.08876,0.05492,0.48,0.28
2025-11-14,250730,25,0.11828400000000001,-0.9118,0.9231,0.5904329053702885,0.09536,0.12908,0.4,0.56
2025-11-15,164857,25,-0.025312,-0.8519,0.8834,0.5244870113320252,0.08084,0.07092000000000001,0.4,0.44
2025-11-16,170834,25,-0.05934399999999998,-0.9477,0.9231,0.619454307648272,0.09540000000000001,0.07488,0.44,0.4
2025-11-17,103192,25,-0.213808,-0.9628,0.7351,0.45848738688866897,0.09760000000000002,0.03356,0.48,0.2
2025-11-18,143089,25,-0.00935200000000001,-0.8807,0.765,0.5213228843010826,0.06752000000000001,0.07279999999999999,0.4,0.48
2025-11-19,104352,25,-0.314648,-0.9758,0.6369,0.5036648608906522,0.17032,0.0602,0.64,0.2
2025-11-20,217011,25,-0.1725,-0.9623,0.9607,0.6535766464616066,0.12267999999999998,0.08996,0.64,0.32
2025-11-21,133717,25,0.14093599999999998,-0.7783,0.8854,0.5557547292682268,0.05976000000000001,0.09344,0.32,0.4
2025-11-22,105407,25,0.15800799999999998,-0.9657,0.802,0.5602200588483065,0.07632,0.10064000000000001,0.28,0.6
2025-11-23,110485,25,-0.021559999999999992,-0.9079,0.9205,0.6525774718759451,0.1082,0.1056,0.44,0.48
2025-11-24,136200,25,-0.035812,-0.886,0.9382,0.5135506863553002,0.07636,0.07876,0.48,0.48
2025-11-25,125745,25,-0.14696399999999998,-0.9501,0.7184,0.513847978982111,0.11231999999999999,0.05892,0.48,0.36
2025-11-26,125712,25,0.175872,-0.8225,0.9796,0.5948392478779456,0.04624,0.12104000000000001,0.32,0.52
2025-11-27,126358,25,-0.20374000000000003,-0.9744,0.8689,0.5288769588477078,0.1154,0.07003999999999999,0.52,0.24
2025-11-28,158262,25,-0.142656,-0.8885,0.8689,0.5706681516117751,0.12,0.07963999999999999,0.6,0.28
2025-11-29,140822,25,0.10634,-0.9676,0.9735,0.5660260813778815,0.07476,0.08764,0.28,0.52
2025-11-30,94894,25,-0.26370400000000005,-0.9169,0.9017,0.5689436193367494,0.12852,0.0658,0.64,0.28
2025-12-01,127188,25,0.023180000000000006,-0.9062,0.9571,0.5645175937028003,0.0932,0.10424,0.4,0.4
2025-12-02,106769,25,-0.048624000000000035,-0.875,0.908,0.5746118309119644,0.10332000000000002,0.08512,0.44,0.44
2025-12-03,129417,25,-0.20488800000000004,-0.9794,0.8442,0.5655733694720783,0.12512,0.05596,0.56,0.28
2025-12-04,142035,25,-0.07545600000000001,-0.9274,0.9001,0.6089557987768899,0.1312,0.10904,0.4,0.44
2025-12-05,181107,25,-0.197456,-0.8591,0.7369,0.45542367622248187,0.10596,0.062439999999999996,0.64,0.2
2025-12-06,101743,25,-0.18970800000000002,-0.9485,0.875,0.5960774606844315,0.13535999999999998,0.08071999999999999,0.6,0.32
2025-12-07,87177,25,0.005456000000000008,-0.765,0.9106,0.4996658844307864,0.08868000000000001,0.09008,0.4,0.4
2025-12-08,63712,25,-0.14399199999999998,-0.886,0.9217,0.5714797353677556,0.11539999999999999,0.08848,0.6,0.36
2025-12-09,157747,25,-0.098284,-0.9779,0.9081,0.5922072398611824,0.12056000000000001,0.07780000000000001,0.44,0.36
2025-12-10,125046,25,-0.18959600000000001,-0.9578,0.8555,0.5843769759187984,0.12308,0.05516,0.56,0.28
2025-12-11,85735,25,-0.285796,-0.925,0.7184,0.4364387173292489,0.12844,0.06012000000000001,0.72,0.16
2025-12-12,90800,25,-0.048740000000000006,-0.9628,0.9118,0.5868151150064218,0.11016000000000002,0.08971999999999998,0.44,0.4
2025-12-13,138859,25,-0.010504000000000003,-0.9246,0.875,0.5755229812822421,0.09616000000000001,0.07888,0.44,0.48
2025-12-14,99320,25,-0.20961200000000002,-0.9729,0.6597,0.5476887497986425,0.11588000000000001,0.04684,0.48,0.28
2025-12-15,262947,25,-0.5509,-0.9796,0.4976,0.5006381839212826,0.20627999999999996,0.0492,0.8,0.2
2025-12-16,320517,25,-0.283456,-0.9509,0.9169,0.6209228422791353,0.16436,0.06524,0.64,0.28
2025-12-17,359568,25,-0.039108000000000004,-0.9723,0.8126,0.580904153140602,0.10496000000000003,0.07864,0.36,0.44
2025-12-18,332507,25,-0.05986,-0.9643,0.7823,0.538407983596083,0.10688,0.07444,0.4,0.48
2025-12-19,319648,25,-0.19083599999999998,-0.9643,0.7964,0.5729460706768134,0.132,0.07228,0.48,0.28
2025-12-20,396153,25,-0.083788,-0.9493,0.8979,0.646837164869181,0.12040000000000001,0.07636,0.52,0.36
2025-12-21,421826,25,-0.023064000000000005,-0.9413,0.9217,0.5368754566042296,0.09224,0.09539999999999998,0.4,0.36
2025-12-22,413746,25,-0.16376000000000002,-0.9413,0.9246,0.6098119618374176,0.11535999999999999,0.07651999999999999,0.56,0.36
2025-12-23,407692,25,-0.311988,-0.936,0.8591,0.5218475366004902,0.13036,0.045720000000000004,0.6,0.28
2025-12-24,530950,25,0.07721200000000002,-0.9595,0.9413,0.6767612780412307,0.0874,0.11292000000000002,0.44,0.48
2025-12-25,346956,25,-0.22194,-0.9186,0.7635,0.5394991721958431,0.14012,0.07524000000000002,0.56,0.24
2025-12-26,308512,25,-0.13314399999999998,-0.9571,0.6207,0.43621899920108936,0.08728,0.04888,0.48,0.28
2025-12-27,318712,25,-0.143768,-0.875,0.9545,0.5380234245606784,0.10308,0.07988,0.56,0.32
2025-12-28,284581,25,-0.10143599999999997,-0.9042,0.9509,0.6797077524230543,0.12663999999999997,0.11072000000000001,0.52,0.44
2025-12-29,262074,25,-0.360092,-0.9468,0.8442,0.5331224579175032,0.15552,0.04936,0.64,0.2
2025-12-30,320115,25,-0.21189599999999997,-0.9723,0.9169,0.5715195433088881,0.14651999999999998,0.09603999999999999,0.64,0.28
2025-12-31,270232,25,-0.23186,-0.9493,0.9337,0.6357143880706178,0.13468,0.08163999999999999,0.6,0.36
2026-01-01,224773,25,-0.10173600000000001,-0.959,0.9595,0.5861876777142282,0.09703999999999999,0.07903999999999999,0.48,0.36
2026-01-02,213862,25,-0.127868,-0.9136,0.8807,0.5422272525205645,0.098,0.06212000000000001,0.48,0.28
2026-01-03,260175,25,-0.09731999999999999,-0.9485,0.8788,0.47375624449710424,0.10088000000000001,0.07252,0.52,0.28
2026-01-04,343198,25,0.21091999999999994,-0.9538,0.946,0.6354706967280238,0.12192,0.14492,0.28,0.64
2026-01-05,300466,25,-0.015835999999999992,-0.9287,0.9371,0.5371890169242108,0.0898,0.09235999999999998,0.4,0.48
2026-01-06,411039,25,-0.31889999999999996,-0.9274,0.5994,0.5298458900472853,0.1258,0.03752,0.56,0.28
2026-01-07,376237,25,-0.08434000000000001,-0.9231,0.9022,0.5285728021758214,0.08028,0.05992,0.56,0.4
2026-01-08,332533,25,-0.08286400000000001,-0.9403,0.7906,0.5333224307152288,0.10287999999999999,0.08692,0.48,0.4
2026-01-09,318688,25,-0.176812,-0.9371,0.836,0.5172747489062267,0.10396,0.05764,0.56,0.24
2026-01-10,0,25,-0.232656,-0.8807,0.8625,0.5196041078205599,0.12448000000000001,0.066,0.56,0.28
